,Unnamed: 0,Unnamed: 0_x,date,iso_code_x,new_deaths,new_tests,total_deaths,Unnamed: 0_y,Unnamed: 0.1,location,total_vaccinations,people_vaccinated,daily_vaccinations_raw,daily_vaccinations,total_vaccinations_per_hundred,people_vaccinated_per_hundred,people_fully_vaccinated_per_hundred,daily_vaccinations_per_million,month,month_number,total_cases,people_fully_vaccinated,new_cases
0,0,43394,2021-01-12,JOR,33.0,24238.0,4076.0,10678,10678,Jordan,0.0,0.0,0.0,0.0,0.0,0.0,0.0,0.0,January,1,1.8969229159854581,0.0,0.43738694098129755
1,1,43395,2021-01-13,JOR,15.0,26934.0,4091.0,10679,10679,Jordan,0.0,0.0,0.0,2727.0,0.0,0.0,0.0,267.0,January,1,1.9037919654866158,0.0,0.4173028467525645
2,2,43396,2021-01-14,JOR,16.0,25014.0,4107.0,10680,10680,Jordan,0.0,0.0,0.0,2727.0,0.0,0.0,0.0,267.0,January,1,1.9103732740550154,0.0,0.3998222462201487
3,3,43397,2021-01-15,JOR,14.0,19541.0,4121.0,10681,10681,Jordan,0.0,0.0,0.0,2727.0,0.0,0.0,0.0,267.0,January,1,1.9153199692394498,0.0,0.30051755808919084
4,4,43398,2021-01-16,JOR,16.0,17738.0,4137.0,10682,10682,Jordan,0.0,0.0,0.0,2727.0,0.0,0.0,0.0,267.0,January,1,1.9196422053783244,0.0,0.2625809356571395
5,5,43399,2021-01-17,JOR,8.0,19623.0,4145.0,10683,10683,Jordan,0.0,0.0,0.0,2727.0,0.0,0.0,0.0,267.0,January,1,1.9255011005410765,0.0,0.355934781053658
6,6,43400,2021-01-18,JOR,8.0,22271.0,4153.0,10684,10684,Jordan,0.0,0.0,0.0,2727.0,0.0,0.0,0.0,267.0,January,1,1.9318069124717292,0.0,0.38308550102953787
7,7,43401,2021-01-19,JOR,17.0,21930.0,4170.0,10685,10685,Jordan,0.0,0.0,0.0,2727.0,0.0,0.0,0.0,267.0,January,1,1.9372127687190752,0.0,0.32841213340687564
8,8,43402,2021-01-20,JOR,17.0,23315.0,4187.0,10686,10686,Jordan,0.0,0.0,0.0,2727.0,0.0,0.0,0.0,267.0,January,1,1.9432002289794426,0.0,0.3637452621426097
9,9,43403,2021-01-21,JOR,11.0,20409.0,4198.0,10687,10687,Jordan,0.0,0.0,0.0,2727.0,0.0,0.0,0.0,267.0,January,1,1.9479510154437012,0.0,0.288615872620312
10,10,43404,2021-01-22,JOR,9.0,18372.0,4207.0,10688,10688,Jordan,0.0,0.0,0.0,2727.0,0.0,0.0,0.0,267.0,January,1,1.9524201831227075,0.0,0.27150719975879867
11,11,43405,2021-01-23,JOR,10.0,13019.0,4217.0,10689,10689,Jordan,30000.0,30000.0,0.0,2727.0,0.29,0.29,0.0,267.0,January,1,1.9561424488060444,0.0,0.22613202390869808
12,12,43406,2021-01-24,JOR,7.0,19808.0,4224.0,10690,10690,Jordan,0.0,0.0,0.0,2516.0,0.0,0.0,0.0,247.0,January,1,1.9618605345761702,0.0,0.3473804446229013
13,13,43407,2021-01-25,JOR,15.0,23980.0,4239.0,10691,10691,Jordan,0.0,0.0,0.0,2305.0,0.0,0.0,0.0,226.0,January,1,1.9670337492183076,0.0,0.314278881912582
14,14,43408,2021-01-26,JOR,9.0,24332.0,4248.0,10692,10692,Jordan,0.0,0.0,0.0,2094.0,0.0,0.0,0.0,205.0,January,1,1.9728069343159829,0.0,0.35072779366102347
15,15,43409,2021-01-27,JOR,14.0,24763.0,4262.0,10693,10693,Jordan,0.0,0.0,0.0,1883.0,0.0,0.0,0.0,185.0,January,1,1.9781332026457574,0.0,0.3235770736851436
16,16,43410,2021-01-28,JOR,7.0,22716.0,4269.0,10694,10694,Jordan,0.0,0.0,0.0,1672.0,0.0,0.0,0.0,164.0,January,1,1.9846104347065638,0.0,0.3934994758148068
17,17,43411,2021-01-29,JOR,12.0,22359.0,4281.0,10695,10695,Jordan,0.0,0.0,0.0,1461.0,0.0,0.0,0.0,143.0,January,1,1.9898999701513056,0.0,0.3213455076597288
18,18,43412,2021-01-30,JOR,23.0,15605.0,4304.0,10696,10696,Jordan,0.0,0.0,0.0,1250.0,0.0,0.0,0.0,123.0,January,1,1.9938242667023234,0.0,0.23840563704847936
19,19,43413,2021-01-31,JOR,12.0,21270.0,4316.0,10697,10697,Jordan,40000.0,40000.0,0.0,1250.0,0.39,0.39,0.0,123.0,January,1,2.001054522906305,0.0,0.4392465793358099
20,20,43414,2021-02-01,JOR,10.0,24002.0,4326.0,10698,10698,Jordan,0.0,0.0,0.0,1331.0,0.0,0.0,0.0,130.0,February,2,2.0084439549454287,0.0,0.448916698779274
21,21,43415,2021-02-02,JOR,8.0,23585.0,4334.0,10699,10699,Jordan,0.0,0.0,0.0,1412.0,0.0,0.0,0.0,138.0,February,2,2.0153742259216414,0.0,0.4210221234615892
22,22,43416,2021-02-03,JOR,10.0,22315.0,4344.0,10700,10700,Jordan,0.0,0.0,0.0,1494.0,0.0,0.0,0.0,146.0,February,2,2.023210574728666,0.0,0.4760674187551538
23,23,43417,2021-02-04,JOR,10.0,26830.0,4354.0,10701,10701,Jordan,0.0,0.0,0.0,1575.0,0.0,0.0,0.0,154.0,February,2,2.031132633600768,0.0,0.4812744061477883
24,24,43418,2021-02-05,JOR,8.0,21311.0,4362.0,10702,10702,Jordan,0.0,0.0,0.0,1656.0,0.0,0.0,0.0,162.0,February,2,2.038613897852474,0.0,0.4544956138428109
25,25,43419,2021-02-06,JOR,7.0,20703.0,4369.0,10703,10703,Jordan,0.0,0.0,0.0,1737.0,0.0,0.0,0.0,170.0,February,2,2.0439095554447215,0.0,0.3217174353306313
26,26,43420,2021-02-07,JOR,10.0,21142.0,4379.0,10704,10704,Jordan,0.0,0.0,0.0,1818.0,0.0,0.0,0.0,178.0,February,2,2.05186222505435,0.0,0.48313404450230063
27,27,43421,2021-02-08,JOR,6.0,26723.0,4385.0,10705,10705,Jordan,0.0,0.0,0.0,1818.0,0.0,0.0,0.0,178.0,February,2,2.0621780436010977,0.0,0.6266981254706517
28,28,43422,2021-02-09,JOR,10.0,24854.0,4395.0,10706,10706,Jordan,0.0,0.0,0.0,1818.0,0.0,0.0,0.0,178.0,February,2,2.0712571883517366,0.0,0.551568735948354
29,29,43423,2021-02-10,JOR,16.0,29541.0,4411.0,10707,10707,Jordan,0.0,0.0,0.0,1818.0,0.0,0.0,0.0,178.0,February,2,2.082613771974417,0.0,0.6899258295240706
30,30,43424,2021-02-11,JOR,10.0,27660.0,4421.0,10708,10708,Jordan,0.0,0.0,0.0,1818.0,0.0,0.0,0.0,178.0,February,2,2.093676492516834,0.0,0.6720733013207523
31,31,43425,2021-02-12,JOR,12.0,24501.0,4433.0,10709,10709,Jordan,0.0,0.0,0.0,1818.0,0.0,0.0,0.0,178.0,February,2,2.1033433634279994,0.0,0.5872737923549906
32,32,43426,2021-02-13,JOR,11.0,19571.0,4444.0,10710,10710,Jordan,0.0,0.0,0.0,1818.0,0.0,0.0,0.0,178.0,February,2,2.110934826334805,0.0,0.46119031191905524
33,33,43427,2021-02-14,JOR,11.0,26313.0,4455.0,10711,10711,Jordan,0.0,0.0,0.0,1818.0,0.0,0.0,0.0,178.0,February,2,2.1259157212807342,0.0,0.9101070106983292
34,34,43428,2021-02-15,JOR,18.0,29225.0,4473.0,10712,10712,Jordan,0.0,0.0,0.0,1818.0,0.0,0.0,0.0,178.0,February,2,2.1400701263134225,0.0,0.8598967751264965
35,35,43429,2021-02-16,JOR,18.0,32347.0,4491.0,10713,10713,Jordan,0.0,0.0,0.0,1818.0,0.0,0.0,0.0,178.0,February,2,2.156336672235504,0.0,0.9882118215878466
36,36,43430,2021-02-17,JOR,12.0,32850.0,4503.0,10714,10714,Jordan,0.0,0.0,0.0,1818.0,0.0,0.0,0.0,178.0,February,2,2.1740113120838482,0.0,1.0737551858954133
37,37,43431,2021-02-18,JOR,9.0,16133.0,4512.0,10715,10715,Jordan,0.0,0.0,0.0,1818.0,0.0,0.0,0.0,178.0,February,2,2.184039389697838,0.0,0.6092175249382359
38,38,43432,2021-02-19,JOR,16.0,12421.0,4528.0,10716,10716,Jordan,0.0,0.0,0.0,1818.0,0.0,0.0,0.0,178.0,February,2,2.1893472915850962,0.0,0.32246129067243623
39,39,43433,2021-02-20,JOR,15.0,18204.0,4543.0,10717,10717,Jordan,0.0,0.0,0.0,1818.0,0.0,0.0,0.0,178.0,February,2,2.2028160160971697,0.0,0.8182408759854206
40,40,43434,2021-02-21,JOR,11.0,25108.0,4554.0,10718,10718,Jordan,0.0,0.0,0.0,1818.0,0.0,0.0,0.0,178.0,February,2,2.2267964678761665,0.0,1.4568406869249513
41,41,43435,2021-02-22,JOR,16.0,33846.0,4570.0,10719,10719,Jordan,80000.0,50000.0,0.0,1818.0,0.78,0.49,0.29,178.0,February,2,2.254652239026137,0.3572705171786797,1.6922709026062108
42,42,43436,2021-02-23,JOR,19.0,34840.0,4589.0,10720,10720,Jordan,0.0,0.0,0.0,4892.0,0.0,0.0,0.0,479.0,February,2,2.2799918075513523,0.0,1.5394086298652983
43,43,43437,2021-02-24,JOR,22.0,36073.0,4611.0,10721,10721,Jordan,0.0,0.0,0.0,7965.0,0.0,0.0,0.0,781.0,February,2,2.3046273291134365,0.0,1.496636947711515
44,44,43438,2021-02-25,JOR,16.0,33719.0,4627.0,10722,10722,Jordan,150000.0,0.0,0.0,11039.0,1.47,0.0,0.0,1082.0,February,2,2.3280567876169393,0.0,1.4233671965437293
45,45,43439,2021-02-26,JOR,23.0,30283.0,4650.0,10723,10723,Jordan,0.0,0.0,0.0,11209.0,0.0,0.0,0.0,1099.0,February,2,2.3503658931269378,0.0,1.3553044327685786
46,46,43440,2021-02-27,JOR,25.0,26452.0,4675.0,10724,10724,Jordan,0.0,0.0,0.0,11379.0,0.0,0.0,0.0,1115.0,February,2,2.366185522281119,0.0,0.9610611016119668
47,47,43441,2021-02-28,JOR,26.0,33462.0,4701.0,10725,10725,Jordan,0.0,0.0,0.0,11549.0,0.0,0.0,0.0,1132.0,February,2,2.3943106679213315,0.0,1.7086357201259192
48,48,43442,2021-03-01,JOR,26.0,41029.0,4727.0,10726,10726,Jordan,0.0,0.0,0.0,11719.0,0.0,0.0,0.0,1149.0,March,3,2.431459858984633,0.0,2.256857107036151
49,49,43443,2021-03-02,JOR,29.0,37651.0,4756.0,10727,10727,Jordan,0.0,0.0,0.0,8816.0,0.0,0.0,0.0,864.0,March,3,2.4628297428027537,0.0,1.9057573857042251
50,50,43444,2021-03-03,JOR,37.0,39487.0,4793.0,10728,10728,Jordan,0.0,0.0,0.0,5912.0,0.0,0.0,0.0,579.0,March,3,2.4954913997445325,0.0,1.984234124264645
51,51,43445,2021-03-04,JOR,40.0,43459.0,4833.0,10729,10729,Jordan,0.0,0.0,0.0,3008.0,0.0,0.0,0.0,295.0,March,3,2.530589671393496,0.0,2.1322613372838255
52,52,43446,2021-03-05,JOR,29.0,34385.0,4862.0,10730,10730,Jordan,0.0,0.0,0.0,3008.0,0.0,0.0,0.0,295.0,March,3,2.558653595558653,0.0,1.7049164434168946
53,53,43447,2021-03-06,JOR,38.0,25952.0,4900.0,10731,10731,Jordan,0.0,0.0,0.0,3008.0,0.0,0.0,0.0,295.0,March,3,2.579964791025257,0.0,1.2946802224114768
54,54,43448,2021-03-07,JOR,35.0,42438.0,4935.0,10732,10732,Jordan,0.0,0.0,0.0,3008.0,0.0,0.0,0.0,295.0,March,3,2.618546564604843,0.0,2.3438881820273276
55,55,43449,2021-03-08,JOR,52.0,46197.0,4987.0,10733,10733,Jordan,0.0,0.0,0.0,3008.0,0.0,0.0,0.0,295.0,March,3,2.6639300440630262,0.0,2.757099824399965
56,56,43450,2021-03-09,JOR,59.0,43887.0,5046.0,10734,10734,Jordan,0.0,0.0,0.0,3008.0,0.0,0.0,0.0,295.0,March,3,2.707225871221838,0.0,2.630272488622225
57,57,43451,2021-03-10,JOR,60.0,44530.0,5106.0,10735,10735,Jordan,0.0,0.0,0.0,3008.0,0.0,0.0,0.0,295.0,March,3,2.747932029985828,0.0,2.4729470838304826
58,58,43452,2021-03-11,JOR,63.0,54052.0,5169.0,10736,10736,Jordan,0.0,0.0,0.0,3008.0,0.0,0.0,0.0,295.0,March,3,2.7987458542813792,0.0,3.0869996684904506
59,59,43453,2021-03-12,JOR,55.0,50545.0,5224.0,10737,10737,Jordan,0.0,0.0,0.0,3008.0,0.0,0.0,0.0,295.0,March,3,2.8459170008111645,0.0,2.8657027043034846
60,60,43454,2021-03-13,JOR,61.0,27984.0,5285.0,10738,10738,Jordan,0.0,0.0,0.0,3008.0,0.0,0.0,0.0,295.0,March,3,2.871287180073907,0.0,1.5412682682198104
61,61,43455,2021-03-14,JOR,61.0,42852.0,5346.0,10739,10739,Jordan,0.0,0.0,0.0,3008.0,0.0,0.0,0.0,295.0,March,3,2.9205888339356028,0.0,2.9951335337775418
62,62,43456,2021-03-15,JOR,82.0,48638.0,5428.0,10740,10740,Jordan,204151.0,155772.0,0.0,3008.0,2.0,1.53,0.47,295.0,March,3,2.978241096994784,0.5761463450195782,3.502442876888503
63,63,43457,2021-03-16,JOR,69.0,44284.0,5497.0,10741,10741,Jordan,0.0,0.0,0.0,5273.0,0.0,0.0,0.0,517.0,March,3,3.0327894312686827,0.0,3.3138755477409534
64,64,43458,2021-03-17,JOR,56.0,50180.0,5553.0,10742,10742,Jordan,241868.0,189456.0,0.0,7537.0,2.37,1.86,0.51,739.0,March,3,3.0911641077335115,0.6241754115456319,3.5463303420549934
65,65,43459,2021-03-18,JOR,74.0,47018.0,5627.0,10743,10743,Jordan,0.0,0.0,0.0,8207.0,0.0,0.0,0.0,804.0,March,3,3.1474388876039576,0.0,3.4187591509354482
66,66,43460,2021-03-19,JOR,74.0,38829.0,5701.0,10744,10744,Jordan,0.0,0.0,0.0,8876.0,0.0,0.0,0.0,870.0,March,3,3.192461160359317,0.0,2.7351560918167195
67,67,43461,2021-03-20,JOR,87.0,27692.0,5788.0,10745,10745,Jordan,0.0,0.0,0.0,9546.0,0.0,0.0,0.0,936.0,March,3,3.2243269381253827,0.0,1.9358835270473247
68,68,43462,2021-03-21,JOR,88.0,46517.0,5876.0,10746,10746,Jordan,272648.0,209278.0,0.0,10215.0,2.67,2.05,0.62,1001.0,March,3,3.2781344925511173,0.7546744224537644,3.2688722995617554
69,69,43463,2021-03-22,JOR,109.0,45933.0,5985.0,10747,10747,Jordan,0.0,0.0,0.0,12047.0,0.0,0.0,0.0,1181.0,March,3,3.3348806777794864,0.0,3.447397581594938
70,70,43464,2021-03-23,JOR,92.0,45699.0,6077.0,10748,10748,Jordan,0.0,0.0,0.0,11614.0,0.0,0.0,0.0,1138.0,March,3,3.3899983717713953,0.0,3.3484648211348826
71,71,43465,2021-03-24,JOR,104.0,48151.0,6181.0,10749,10749,Jordan,320140.0,251197.0,0.0,11182.0,3.14,2.46,0.68,1096.0,March,3,3.4458935784965017,0.8210433755283237,3.3956996353394957
72,72,43466,2021-03-25,JOR,96.0,46699.0,6277.0,10750,10750,Jordan,0.0,0.0,0.0,12203.0,0.0,0.0,0.0,1196.0,March,3,3.4975216484102822,0.0,3.1364660487204783
73,73,43467,2021-03-26,JOR,97.0,40836.0,6374.0,10751,10751,Jordan,0.0,0.0,0.0,13224.0,0.0,0.0,0.0,1296.0,March,3,3.5369727669356474,0.0,2.3967019112954775
74,74,43468,2021-03-27,JOR,98.0,27950.0,6472.0,10752,10752,Jordan,0.0,0.0,0.0,14246.0,0.0,0.0,0.0,1396.0,March,3,3.5639040938122895,0.0,1.6361098242999388
75,75,43469,2021-03-28,JOR,82.0,43615.0,6554.0,10753,10753,Jordan,0.0,0.0,0.0,15267.0,0.0,0.0,0.0,1496.0,March,3,3.6078794793442106,0.0,2.671556460092398
76,76,43470,2021-03-29,JOR,97.0,48980.0,6651.0,10754,10754,Jordan,0.0,0.0,0.0,15126.0,0.0,0.0,0.0,1482.0,March,3,3.6564893305377857,0.0,2.9531057069655637
77,77,43471,2021-03-30,JOR,96.0,49334.0,6747.0,10755,10755,Jordan,409203.0,304946.0,0.0,14985.0,4.01,2.99,1.02,1469.0,March,3,3.703942095852824,1.241598410316587,2.8828113771649977
78,78,43472,2021-03-31,JOR,111.0,43158.0,6858.0,10756,10756,Jordan,0.0,0.0,0.0,14783.0,0.0,0.0,0.0,1449.0,March,3,3.7441646049638804,0.0,2.443564797829188
79,79,43473,2021-04-01,JOR,82.0,48253.0,6940.0,10757,10757,Jordan,0.0,0.0,0.0,14722.0,0.0,0.0,0.0,1443.0,April,4,3.783848365094454,0.0,2.410835162789771
80,80,43474,2021-04-02,JOR,99.0,35034.0,7039.0,10758,10758,Jordan,0.0,0.0,0.0,14661.0,0.0,0.0,0.0,1437.0,April,4,3.8130754972856544,0.0,1.7755827008883627
81,81,43475,2021-04-03,JOR,91.0,28827.0,7130.0,10759,10759,Jordan,0.0,0.0,0.0,14600.0,0.0,0.0,0.0,1431.0,April,4,3.837821217502837,0.0,1.5033316457877592
82,82,43476,2021-04-04,JOR,71.0,41101.0,7201.0,10760,10760,Jordan,0.0,0.0,0.0,14538.0,0.0,0.0,0.0,1425.0,April,4,3.874750011255941,0.0,2.2434677108836625
83,83,43477,2021-04-05,JOR,82.0,43226.0,7283.0,10761,10761,Jordan,0.0,0.0,0.0,14477.0,0.0,0.0,0.0,1419.0,April,4,3.9147704894993165,0.0,2.4312911846894067
84,84,43478,2021-04-06,JOR,100.0,44086.0,7383.0,10762,10762,Jordan,0.0,0.0,0.0,14416.0,0.0,0.0,0.0,1413.0,April,4,3.9515339852697724,0.0,2.233425663769296
85,85,43479,2021-04-07,JOR,86.0,40232.0,7469.0,10763,10763,Jordan,524533.0,404912.0,0.0,14416.0,5.14,3.97,1.17,1413.0,April,4,3.9835650610184863,1.424568551181028,1.9459255741616912
86,86,43480,2021-04-08,JOR,96.0,39735.0,7565.0,10764,10764,Jordan,0.0,0.0,0.0,15228.0,0.0,0.0,0.0,1492.0,April,4,4.012798315357192,0.0,1.7759546285592653
87,87,43481,2021-04-09,JOR,81.0,30617.0,7646.0,10765,10765,Jordan,0.0,0.0,0.0,16040.0,0.0,0.0,0.0,1572.0,April,4,4.036025742993013,0.0,1.4110935834039482
88,88,43482,2021-04-10,JOR,62.0,24854.0,7708.0,10766,10766,Jordan,0.0,0.0,0.0,16852.0,0.0,0.0,0.0,1652.0,April,4,4.0552798968977735,0.0,1.169712524988249
89,89,43483,2021-04-11,JOR,65.0,26644.0,7773.0,10767,10767,Jordan,0.0,0.0,0.0,17664.0,0.0,0.0,0.0,1731.0,April,4,4.075727869566104,0.0,1.2422384208142294
90,90,43484,2021-04-12,JOR,82.0,27673.0,7855.0,10768,10768,Jordan,0.0,0.0,0.0,18475.0,0.0,0.0,0.0,1811.0,April,4,4.097553325423169,0.0,1.325922146767284
91,91,43485,2021-04-13,JOR,82.0,23823.0,7937.0,10769,10769,Jordan,0.0,0.0,0.0,19287.0,0.0,0.0,0.0,1890.0,April,4,4.11463411696348,0.0,1.0376782018178743
92,92,43486,2021-04-14,JOR,50.0,32296.0,7987.0,10770,10770,Jordan,665226.0,543095.0,0.0,20099.0,6.52,5.32,1.2,1970.0,April,4,4.139643089523399,1.4544601844516443,1.5193245356365652
93,93,43487,2021-04-15,JOR,70.0,21761.0,8057.0,10771,10771,Jordan,0.0,0.0,0.0,19137.0,0.0,0.0,0.0,1876.0,April,4,4.15778301258216,0.0,1.1020216888840006
94,94,43488,2021-04-16,JOR,60.0,22013.0,8117.0,10772,10772,Jordan,0.0,0.0,0.0,18175.0,0.0,0.0,0.0,1781.0,April,4,4.174508719567154,0.0,1.0161063969055315
95,95,43489,2021-04-17,JOR,61.0,11385.0,8178.0,10773,10773,Jordan,0.0,0.0,0.0,17213.0,0.0,0.0,0.0,1687.0,April,4,4.184279666985913,0.0,0.5935965627603325
96,96,43490,2021-04-18,JOR,68.0,17846.0,8246.0,10774,10774,Jordan,0.0,0.0,0.0,16251.0,0.0,0.0,0.0,1593.0,April,4,4.199627890782171,0.0,0.9324226709524771
97,97,43491,2021-04-19,JOR,62.0,24956.0,8308.0,10775,10775,Jordan,732052.0,607381.0,0.0,15289.0,7.17,5.95,1.22,1498.0,April,4,4.221110506378929,1.4847090882394391,1.3050941971967458
98,98,43492,2021-04-20,JOR,64.0,19621.0,8372.0,10776,10776,Jordan,0.0,0.0,0.0,15102.0,0.0,0.0,0.0,1480.0,April,4,4.237634182496241,0.0,1.0038327837657501
99,99,43493,2021-04-21,JOR,57.0,24628.0,8429.0,10777,10777,Jordan,0.0,0.0,0.0,14914.0,0.0,0.0,0.0,1462.0,April,4,4.257280153841353,0.0,1.1935158959260068
100,100,43494,2021-04-22,JOR,45.0,18228.0,8474.0,10778,10778,Jordan,0.0,0.0,0.0,15689.0,0.0,0.0,0.0,1538.0,April,4,4.270118297160361,0.0,0.7799323258824669
101,101,43495,2021-04-23,JOR,40.0,16827.0,8514.0,10779,10779,Jordan,0.0,0.0,0.0,16463.0,0.0,0.0,0.0,1614.0,April,4,4.280385138527064,0.0,0.623722704103432
102,102,43496,2021-04-24,JOR,49.0,11848.0,8563.0,10780,10780,Jordan,0.0,0.0,0.0,17238.0,0.0,0.0,0.0,1689.0,April,4,4.288092922236474,0.0,0.4682569376662021
103,103,43497,2021-04-25,JOR,52.0,16681.0,8615.0,10781,10781,Jordan,0.0,0.0,0.0,18012.0,0.0,0.0,0.0,1765.0,April,4,4.298690359568474,0.0,0.643806798332165
104,104,43498,2021-04-26,JOR,45.0,20434.0,8660.0,10782,10782,Jordan,0.0,0.0,0.0,18787.0,0.0,0.0,0.0,1841.0,April,4,4.313297803516568,0.0,0.8874194227732789
105,105,43499,2021-04-27,JOR,47.0,18853.0,8707.0,10783,10783,Jordan,0.0,0.0,0.0,18787.0,0.0,0.0,0.0,1841.0,April,4,4.324409501239029,0.0,0.675048722687972
106,106,43500,2021-04-28,JOR,47.0,18755.0,8754.0,10784,10784,Jordan,0.0,0.0,0.0,18787.0,0.0,0.0,0.0,1841.0,April,4,4.336102802974511,0.0,0.7103818514237061
107,107,43501,2021-04-29,JOR,47.0,17112.0,8801.0,10785,10785,Jordan,919922.0,699328.0,0.0,18787.0,9.02,6.85,2.16,1841.0,April,4,4.345604375903029,2.627057748883789,0.577231745240624
108,108,43502,2021-04-30,JOR,35.0,19377.0,8836.0,10786,10786,Jordan,0.0,0.0,0.0,20992.0,0.0,0.0,0.0,2057.0,April,4,4.355130437421568,0.0,0.5787194559242339
109,109,43503,2021-05-01,JOR,35.0,9472.0,8871.0,10787,10787,Jordan,0.0,0.0,0.0,23198.0,0.0,0.0,0.0,2274.0,May,5,4.359440429265432,0.0,0.2618370803153346
110,110,43504,2021-05-02,JOR,26.0,13244.0,8897.0,10788,10788,Jordan,0.0,0.0,0.0,25403.0,0.0,0.0,0.0,2490.0,May,5,4.364485078809954,0.0,0.30646840082363025
111,111,43505,2021-05-03,JOR,28.0,16122.0,8925.0,10789,10789,Jordan,0.0,0.0,0.0,27609.0,0.0,0.0,0.0,2706.0,May,5,4.3722724504369355,0.0,0.4730919973879341
112,112,43506,2021-05-04,JOR,30.0,19676.0,8955.0,10790,10790,Jordan,1091048.0,805020.0,0.0,29814.0,10.69,7.89,2.8,2922.0,May,5,4.381639336120331,3.4063123829194466,0.5690493364807698
113,113,43507,2021-05-05,JOR,33.0,17877.0,8988.0,10791,10791,Jordan,0.0,0.0,0.0,30487.0,0.0,0.0,0.0,2988.0,May,5,4.389108356077028,0.0,0.45375175850100596
114,114,43508,2021-05-06,JOR,26.0,16841.0,9014.0,10792,10792,Jordan,0.0,0.0,0.0,31159.0,0.0,0.0,0.0,3054.0,May,5,4.395273358615054,0.0,0.37453116459878116
115,115,43509,2021-05-07,JOR,33.0,16288.0,9047.0,10793,10793,Jordan,0.0,0.0,0.0,29626.0,0.0,0.0,0.0,2904.0,May,5,4.399571106163906,0.0,0.26109322497352966
116,116,43510,2021-05-08,JOR,29.0,10098.0,9076.0,10794,10794,Jordan,0.0,0.0,0.0,28093.0,0.0,0.0,0.0,2753.0,May,5,4.403250516814705,0.0,0.2235285302123808
117,117,43511,2021-05-09,JOR,0.0,14968.0,9076.0,10795,10795,Jordan,0.0,0.0,0.0,26559.0,0.0,0.0,0.0,2603.0,May,5,4.403250516814705,0.0,0.0
118,118,43512,2021-05-10,JOR,49.0,18455.0,9125.0,10796,10796,Jordan,0.0,0.0,0.0,25026.0,0.0,0.0,0.0,2453.0,May,5,4.414056107161891,0.0,0.6564523391428488
119,119,43513,2021-05-11,JOR,26.0,19732.0,9151.0,10797,10797,Jordan,0.0,0.0,0.0,23493.0,0.0,0.0,0.0,2303.0,May,5,4.419290543279083,0.0,0.31799815862160663
120,120,43514,2021-05-12,JOR,0.0,15604.0,9151.0,10798,10798,Jordan,0.0,0.0,0.0,23493.0,0.0,0.0,0.0,2303.0,May,5,4.419290543279083,0.0,0.0
121,121,43515,2021-05-13,JOR,52.0,10417.0,9203.0,10799,10799,Jordan,0.0,0.0,0.0,23493.0,0.0,0.0,0.0,2303.0,May,5,4.4248065981815285,0.0,0.33510683148312
122,122,43516,2021-05-14,JOR,0.0,9226.0,9203.0,10800,10800,Jordan,0.0,0.0,0.0,23493.0,0.0,0.0,0.0,2303.0,May,5,4.4248065981815285,0.0,0.0
123,123,43517,2021-05-15,JOR,0.0,8857.0,9203.0,10801,10801,Jordan,0.0,0.0,0.0,23493.0,0.0,0.0,0.0,2303.0,May,5,4.4248065981815285,0.0,0.0
124,124,43518,2021-05-16,JOR,56.0,19177.0,9259.0,10802,10802,Jordan,0.0,0.0,0.0,23493.0,0.0,0.0,0.0,2303.0,May,5,4.433377604689212,0.0,0.5206987392634495
125,125,43519,2021-05-17,JOR,17.0,31185.0,9276.0,10803,10803,Jordan,0.0,0.0,0.0,23493.0,0.0,0.0,0.0,2303.0,May,5,4.440136455535271,0.0,0.4106081486763202
126,126,43520,2021-05-18,JOR,19.0,29802.0,9295.0,10804,10804,Jordan,1419950.0,1034808.0,0.0,23493.0,13.92,10.14,3.77,2303.0,May,5,4.4473238567067135,4.586662717574368,0.43664308563949267
127,127,43521,2021-05-19,JOR,0.0,32690.0,9295.0,10805,10805,Jordan,0.0,0.0,0.0,26031.0,0.0,0.0,0.0,2551.0,May,5,4.4473238567067135,0.0,0.0
128,128,43522,2021-05-20,JOR,0.0,26307.0,9295.0,10806,10806,Jordan,0.0,0.0,0.0,28568.0,0.0,0.0,0.0,2800.0,May,5,4.4473238567067135,0.0,0.0
129,129,43523,2021-05-21,JOR,0.0,20126.0,9295.0,10807,10807,Jordan,0.0,0.0,0.0,31106.0,0.0,0.0,0.0,3049.0,May,5,4.4473238567067135,0.0,0.0
130,130,43524,2021-05-22,JOR,0.0,15735.0,9295.0,10808,10808,Jordan,0.0,0.0,0.0,33643.0,0.0,0.0,0.0,3297.0,May,5,4.4473238567067135,0.0,0.0
131,131,43525,2021-05-23,JOR,0.0,22060.0,9295.0,10809,10809,Jordan,0.0,0.0,0.0,36181.0,0.0,0.0,0.0,3546.0,May,5,4.4473238567067135,0.0,0.0
132,132,43526,2021-05-24,JOR,89.0,21048.0,9384.0,10810,10810,Jordan,0.0,0.0,0.0,38719.0,0.0,0.0,0.0,3795.0,May,5,4.477959082824175,0.0,1.8611260651959294
133,133,43527,2021-05-25,JOR,0.0,22408.0,9384.0,10811,10811,Jordan,0.0,0.0,0.0,41256.0,0.0,0.0,0.0,4043.0,May,5,4.477959082824175,0.0,0.0
134,134,43528,2021-05-26,JOR,0.0,20491.0,9384.0,10812,10812,Jordan,1750000.0,1300000.0,0.0,41256.0,17.15,12.74,4.41,4043.0,May,5,4.477959082824175,5.359057757680195,0.0
135,135,43529,2021-05-27,JOR,39.0,0.0,9423.0,10813,10813,Jordan,1879809.0,1389247.0,129809.0,53907.0,18.42,13.62,4.81,5283.0,May,5,4.493895032780961,5.842111314940249,0.9681277273591136
136,136,43530,2021-05-28,JOR,13.0,0.0,9436.0,10814,10814,Jordan,1904235.0,1412419.0,24426.0,51502.0,18.66,13.84,4.82,5048.0,May,5,4.497690764234364,5.857045222558318,0.23059515595952762
